ID,Filename,Index
1,text_chunked.jsonl,0
2,text_chunked.jsonl,1
3,text_chunked.jsonl,2
4,text_chunked.jsonl,3
5,text_chunked.jsonl,4
6,text_chunked.jsonl,5
7,text_chunked.jsonl,6
8,text_chunked.jsonl,7
9,text_chunked.jsonl,8
10,text_chunked.jsonl,9
11,text_chunked.jsonl,10
12,text_chunked.jsonl,11
13,text_chunked.jsonl,12
14,text_chunked.jsonl,13
15,text_chunked.jsonl,14
16,text_chunked.jsonl,15
17,text_chunked.jsonl,16
18,text_chunked.jsonl,17
19,text_chunked.jsonl,18
20,text_chunked.jsonl,19
21,text_chunked.jsonl,20
22,text_chunked.jsonl,21
23,text_chunked.jsonl,22
24,text_chunked.jsonl,23
25,text_chunked.jsonl,24
26,text_chunked.jsonl,25
27,text_chunked.jsonl,26
28,text_chunked.jsonl,27
29,text_chunked.jsonl,28
30,text_chunked.jsonl,29
31,text_chunked.jsonl,30
32,text_chunked.jsonl,31
33,text_chunked.jsonl,32
34,text_chunked.jsonl,33
35,text_chunked.jsonl,34
36,text_chunked.jsonl,35
37,text_chunked.jsonl,36
38,text_chunked.jsonl,37
39,text_chunked.jsonl,38
40,text_chunked.jsonl,39
41,text_chunked.jsonl,40
42,text_chunked.jsonl,41
43,text_chunked.jsonl,42
44,text_chunked.jsonl,43
45,text_chunked.jsonl,44
46,text_chunked.jsonl,45
47,text_chunked.jsonl,46
48,text_chunked.jsonl,47
49,text_chunked.jsonl,48
50,text_chunked.jsonl,49
51,text_chunked.jsonl,50
52,text_chunked.jsonl,51
53,text_chunked.jsonl,52
54,text_chunked.jsonl,53
55,text_chunked.jsonl,54
56,text_chunked.jsonl,55
57,text_chunked.jsonl,56
58,text_chunked.jsonl,57
59,text_chunked.jsonl,58
60,text_chunked.jsonl,59
61,text_chunked.jsonl,60
62,text_chunked.jsonl,61
63,text_chunked.jsonl,62
64,text_chunked.jsonl,63
65,text_chunked.jsonl,64
66,text_chunked.jsonl,65
67,text_chunked.jsonl,66
68,text_chunked.jsonl,67
69,text_chunked.jsonl,68
70,text_chunked.jsonl,69
71,text_chunked.jsonl,70
72,text_chunked.jsonl,71
73,text_chunked.jsonl,72
74,text_chunked.jsonl,73
75,text_chunked.jsonl,74
76,text_chunked.jsonl,75
77,text_chunked.jsonl,76
78,text_chunked.jsonl,77
79,text_chunked.jsonl,78
80,text_chunked.jsonl,79
81,text_chunked.jsonl,80
82,text_chunked.jsonl,81
83,text_chunked.jsonl,82
84,text_chunked.jsonl,83
85,text_chunked.jsonl,84
86,text_chunked.jsonl,85
87,text_chunked.jsonl,86
88,text_chunked.jsonl,87
89,text_chunked.jsonl,88
90,text_chunked.jsonl,89
91,text_chunked.jsonl,90
92,text_chunked.jsonl,91
93,text_chunked.jsonl,92
94,text_chunked.jsonl,93
95,text_chunked.jsonl,94
96,text_chunked.jsonl,95
97,text_chunked.jsonl,96
98,text_chunked.jsonl,97
99,text_chunked.jsonl,98
100,text_chunked.jsonl,99
101,text_chunked.jsonl,100
102,text_chunked.jsonl,101
103,text_chunked.jsonl,102
104,text_chunked.jsonl,103
105,text_chunked.jsonl,104
106,text_chunked.jsonl,105
107,text_chunked.jsonl,106
108,text_chunked.jsonl,107
109,text_chunked.jsonl,108
110,text_chunked.jsonl,109
111,text_chunked.jsonl,110
112,text_chunked.jsonl,111
113,text_chunked.jsonl,112
114,text_chunked.jsonl,113
115,text_chunked.jsonl,114
116,text_chunked.jsonl,115
117,text_chunked.jsonl,116
118,text_chunked.jsonl,117
119,text_chunked.jsonl,118
120,text_chunked.jsonl,119
121,text_chunked.jsonl,120
122,text_chunked.jsonl,121
123,text_chunked.jsonl,122
124,text_chunked.jsonl,123
125,text_chunked.jsonl,124
126,text_chunked.jsonl,125
127,text_chunked.jsonl,126
128,text_chunked.jsonl,127
129,text_chunked.jsonl,128
130,text_chunked.jsonl,129
131,text_chunked.jsonl,130
132,text_chunked.jsonl,131
133,text_chunked.jsonl,132
134,text_chunked.jsonl,133
135,text_chunked.jsonl,134
136,text_chunked.jsonl,135
137,text_chunked.jsonl,136
138,text_chunked.jsonl,137
139,text_chunked.jsonl,138
140,text_chunked.jsonl,139
141,text_chunked.jsonl,140
142,text_chunked.jsonl,141
143,text_chunked.jsonl,142
144,text_chunked.jsonl,143
145,text_chunked.jsonl,144
146,text_chunked.jsonl,145
147,text_chunked.jsonl,146
148,text_chunked.jsonl,147
149,text_chunked.jsonl,148
150,text_chunked.jsonl,149
151,text_chunked.jsonl,150
152,text_chunked.jsonl,151
153,text_chunked.jsonl,152
154,text_chunked.jsonl,153
155,text_chunked.jsonl,154
156,text_chunked.jsonl,155
157,text_chunked.jsonl,156
158,text_chunked.jsonl,157
159,text_chunked.jsonl,158
160,text_chunked.jsonl,159
161,text_chunked.jsonl,160
162,text_chunked.jsonl,161
163,text_chunked.jsonl,162
164,text_chunked.jsonl,163
165,text_chunked.jsonl,164
166,text_chunked.jsonl,165
167,text_chunked.jsonl,166
168,text_chunked.jsonl,167
169,text_chunked.jsonl,168
170,text_chunked.jsonl,169
171,text_chunked.jsonl,170
172,text_chunked.jsonl,171
173,text_chunked.jsonl,172
174,text_chunked.jsonl,173
175,text_chunked.jsonl,174
176,text_chunked.jsonl,175
177,text_chunked.jsonl,176
178,text_chunked.jsonl,177
179,text_chunked.jsonl,178
180,text_chunked.jsonl,179
181,text_chunked.jsonl,180
182,text_chunked.jsonl,181
183,text_chunked.jsonl,182
184,text_chunked.jsonl,183
185,text_chunked.jsonl,184
186,text_chunked.jsonl,185
187,text_chunked.jsonl,186
188,text_chunked.jsonl,187
189,text_chunked.jsonl,188
190,text_chunked.jsonl,189
191,text_chunked.jsonl,190
192,text_chunked.jsonl,191
193,text_chunked.jsonl,192
194,text_chunked.jsonl,193
195,text_chunked.jsonl,194
196,text_chunked.jsonl,195
197,text_chunked.jsonl,196
198,text_chunked.jsonl,197
199,text_chunked.jsonl,198
200,text_chunked.jsonl,199
201,text_chunked.jsonl,200
202,text_chunked.jsonl,201
203,text_chunked.jsonl,202
204,text_chunked.jsonl,203
205,text_chunked.jsonl,204
206,text_chunked.jsonl,205
207,text_chunked.jsonl,206
208,text_chunked.jsonl,207
209,text_chunked.jsonl,208
210,text_chunked.jsonl,209
211,text_chunked.jsonl,210
212,text_chunked.jsonl,211
213,text_chunked.jsonl,212
214,text_chunked.jsonl,213
215,text_chunked.jsonl,214
216,text_chunked.jsonl,215
217,text_chunked.jsonl,216
218,text_chunked.jsonl,217
219,text_chunked.jsonl,218
220,text_chunked.jsonl,219
221,text_chunked.jsonl,220
222,text_chunked.jsonl,221
223,text_chunked.jsonl,222
224,text_chunked.jsonl,223
225,text_chunked.jsonl,224
226,text_chunked.jsonl,225
227,text_chunked.jsonl,226
228,text_chunked.jsonl,227
229,text_chunked.jsonl,228
230,text_chunked.jsonl,229
231,text_chunked.jsonl,230
232,text_chunked.jsonl,231
233,text_chunked.jsonl,232
234,text_chunked.jsonl,233
235,text_chunked.jsonl,234
236,text_chunked.jsonl,235
237,text_chunked.jsonl,236
238,text_chunked.jsonl,237
239,text_chunked.jsonl,238
240,text_chunked.jsonl,239
241,text_chunked.jsonl,240
242,text_chunked.jsonl,241
243,text_chunked.jsonl,242
244,text_chunked.jsonl,243
245,text_chunked.jsonl,244
246,text_chunked.jsonl,245
247,text_chunked.jsonl,246
248,text_chunked.jsonl,247
249,text_chunked.jsonl,248
250,text_chunked.jsonl,249
251,text_chunked.jsonl,250
252,text_chunked.jsonl,251
253,text_chunked.jsonl,252
254,text_chunked.jsonl,253
255,text_chunked.jsonl,254
256,text_chunked.jsonl,255
257,text_chunked.jsonl,256
258,text_chunked.jsonl,257
259,text_chunked.jsonl,258
260,text_chunked.jsonl,259
261,text_chunked.jsonl,260
262,text_chunked.jsonl,261
263,text_chunked.jsonl,262
264,text_chunked.jsonl,263
265,text_chunked.jsonl,264
266,text_chunked.jsonl,265
267,text_chunked.jsonl,266
268,text_chunked.jsonl,267
269,text_chunked.jsonl,268
270,text_chunked.jsonl,269
271,text_chunked.jsonl,270
272,text_chunked.jsonl,271
273,text_chunked.jsonl,272
274,text_chunked.jsonl,273
275,text_chunked.jsonl,274
276,text_chunked.jsonl,275
277,text_chunked.jsonl,276
278,text_chunked.jsonl,277
279,text_chunked.jsonl,278
280,text_chunked.jsonl,279
281,text_chunked.jsonl,280
282,text_chunked.jsonl,281
283,text_chunked.jsonl,282
284,text_chunked.jsonl,283
285,text_chunked.jsonl,284
286,text_chunked.jsonl,285
287,text_chunked.jsonl,286
288,text_chunked.jsonl,287
289,text_chunked.jsonl,288
290,text_chunked.jsonl,289
291,text_chunked.jsonl,290
292,text_chunked.jsonl,291
293,text_chunked.jsonl,292
294,text_chunked.jsonl,293
295,text_chunked.jsonl,294
296,text_chunked.jsonl,295
297,text_chunked.jsonl,296
298,text_chunked.jsonl,297
299,text_chunked.jsonl,298
300,text_chunked.jsonl,299
301,text_chunked.jsonl,300
302,text_chunked.jsonl,301
303,text_chunked.jsonl,302
304,text_chunked.jsonl,303
305,text_chunked.jsonl,304
306,text_chunked.jsonl,305
307,text_chunked.jsonl,306
308,text_chunked.jsonl,307
309,text_chunked.jsonl,308
310,text_chunked.jsonl,309
311,text_chunked.jsonl,310
312,text_chunked.jsonl,311
313,text_chunked.jsonl,312
314,text_chunked.jsonl,313
315,text_chunked.jsonl,314
316,text_chunked.jsonl,315
317,text_chunked.jsonl,316
318,text_chunked.jsonl,317
319,text_chunked.jsonl,318
320,text_chunked.jsonl,319
321,text_chunked.jsonl,320
322,text_chunked.jsonl,321
323,text_chunked.jsonl,322
324,text_chunked.jsonl,323
325,text_chunked.jsonl,324
326,text_chunked.jsonl,325
327,text_chunked.jsonl,326
328,text_chunked.jsonl,327
329,text_chunked.jsonl,328
330,text_chunked.jsonl,329
331,text_chunked.jsonl,330
332,text_chunked.jsonl,331
333,text_chunked.jsonl,332
334,text_chunked.jsonl,333
335,text_chunked.jsonl,334
336,text_chunked.jsonl,335
337,text_chunked.jsonl,336
338,text_chunked.jsonl,337
339,text_chunked.jsonl,338
340,text_chunked.jsonl,339
341,text_chunked.jsonl,340
342,text_chunked.jsonl,341
343,text_chunked.jsonl,342
344,text_chunked.jsonl,343
345,text_chunked.jsonl,344
346,text_chunked.jsonl,345
347,text_chunked.jsonl,346
348,text_chunked.jsonl,347
349,text_chunked.jsonl,348
350,text_chunked.jsonl,349
351,text_chunked.jsonl,350
352,text_chunked.jsonl,351
353,text_chunked.jsonl,352
354,text_chunked.jsonl,353
355,text_chunked.jsonl,354
356,text_chunked.jsonl,355
357,text_chunked.jsonl,356
358,text_chunked.jsonl,357
359,text_chunked.jsonl,358
360,text_chunked.jsonl,359
361,text_chunked.jsonl,360
362,text_chunked.jsonl,361
363,text_chunked.jsonl,362
364,text_chunked.jsonl,363
365,text_chunked.jsonl,364
366,text_chunked.jsonl,365
367,text_chunked.jsonl,366
368,text_chunked.jsonl,367
369,text_chunked.jsonl,368
370,text_chunked.jsonl,369
371,text_chunked.jsonl,370
372,text_chunked.jsonl,371
373,text_chunked.jsonl,372
374,text_chunked.jsonl,373
375,text_chunked.jsonl,374
376,text_chunked.jsonl,375
377,text_chunked.jsonl,376
378,text_chunked.jsonl,377
379,text_chunked.jsonl,378
380,text_chunked.jsonl,379
381,text_chunked.jsonl,380
382,text_chunked.jsonl,381
383,text_chunked.jsonl,382
384,text_chunked.jsonl,383
385,text_chunked.jsonl,384
386,text_chunked.jsonl,385
387,text_chunked.jsonl,386
388,text_chunked.jsonl,387
389,text_chunked.jsonl,388
390,text_chunked.jsonl,389
391,text_chunked.jsonl,390
392,text_chunked.jsonl,391
393,text_chunked.jsonl,392
394,text_chunked.jsonl,393
395,text_chunked.jsonl,394
396,text_chunked.jsonl,395
397,text_chunked.jsonl,396
398,text_chunked.jsonl,397
399,text_chunked.jsonl,398
400,text_chunked.jsonl,399
401,text_chunked.jsonl,400
402,text_chunked.jsonl,401
403,text_chunked.jsonl,402
404,text_chunked.jsonl,403
405,text_chunked.jsonl,404
406,text_chunked.jsonl,405
407,text_chunked.jsonl,406
408,text_chunked.jsonl,407
409,text_chunked.jsonl,408
410,text_chunked.jsonl,409
411,text_chunked.jsonl,410
412,text_chunked.jsonl,411
413,text_chunked.jsonl,412
414,text_chunked.jsonl,413
415,text_chunked.jsonl,414
416,text_chunked.jsonl,415
417,text_chunked.jsonl,416
418,text_chunked.jsonl,417
419,text_chunked.jsonl,418
420,text_chunked.jsonl,419
421,text_chunked.jsonl,420
422,text_chunked.jsonl,421
423,text_chunked.jsonl,422
424,text_chunked.jsonl,423
425,text_chunked.jsonl,424
426,text_chunked.jsonl,425
427,text_chunked.jsonl,426
428,text_chunked.jsonl,427
429,text_chunked.jsonl,428
430,text_chunked.jsonl,429
431,text_chunked.jsonl,430
432,text_chunked.jsonl,431
433,text_chunked.jsonl,432
434,text_chunked.jsonl,433
435,text_chunked.jsonl,434
436,text_chunked.jsonl,435
437,text_chunked.jsonl,436
438,text_chunked.jsonl,437
439,text_chunked.jsonl,438
440,text_chunked.jsonl,439
441,text_chunked.jsonl,440
442,text_chunked.jsonl,441
443,text_chunked.jsonl,442
444,text_chunked.jsonl,443
445,text_chunked.jsonl,444
446,text_chunked.jsonl,445
447,text_chunked.jsonl,446
448,text_chunked.jsonl,447
449,text_chunked.jsonl,448
450,text_chunked.jsonl,449
451,text_chunked.jsonl,450
452,text_chunked.jsonl,451
453,text_chunked.jsonl,452
454,text_chunked.jsonl,453
455,text_chunked.jsonl,454
456,text_chunked.jsonl,455
457,text_chunked.jsonl,456
458,text_chunked.jsonl,457
459,text_chunked.jsonl,458
460,text_chunked.jsonl,459
461,text_chunked.jsonl,460
462,text_chunked.jsonl,461
463,text_chunked.jsonl,462
464,text_chunked.jsonl,463
465,text_chunked.jsonl,464
466,text_chunked.jsonl,465
467,text_chunked.jsonl,466
468,text_chunked.jsonl,467
469,text_chunked.jsonl,468
470,text_chunked.jsonl,469
471,text_chunked.jsonl,470
472,text_chunked.jsonl,471
473,text_chunked.jsonl,472
474,text_chunked.jsonl,473
475,text_chunked.jsonl,474
476,text_chunked.jsonl,475
477,text_chunked.jsonl,476
478,text_chunked.jsonl,477
479,text_chunked.jsonl,478
480,text_chunked.jsonl,479
481,text_chunked.jsonl,480
482,text_chunked.jsonl,481
483,text_chunked.jsonl,482
484,text_chunked.jsonl,483
485,text_chunked.jsonl,484
486,text_chunked.jsonl,485
487,text_chunked.jsonl,486
488,text_chunked.jsonl,487
489,text_chunked.jsonl,488
490,text_chunked.jsonl,489
491,text_chunked.jsonl,490
492,text_chunked.jsonl,491
493,text_chunked.jsonl,492
494,text_chunked.jsonl,493
495,text_chunked.jsonl,494
496,text_chunked.jsonl,495
497,text_chunked.jsonl,496
498,text_chunked.jsonl,497
499,text_chunked.jsonl,498
500,text_chunked.jsonl,499
501,text_chunked.jsonl,500
502,text_chunked.jsonl,501
503,text_chunked.jsonl,502
504,text_chunked.jsonl,503
505,text_chunked.jsonl,504
506,text_chunked.jsonl,505
507,text_chunked.jsonl,506
508,text_chunked.jsonl,507
509,text_chunked.jsonl,508
510,text_chunked.jsonl,509
511,text_chunked.jsonl,510
512,text_chunked.jsonl,511
513,text_chunked.jsonl,512
514,text_chunked.jsonl,513
515,text_chunked.jsonl,514
516,text_chunked.jsonl,515
517,text_chunked.jsonl,516
518,text_chunked.jsonl,517
519,text_chunked.jsonl,518
520,text_chunked.jsonl,519
521,text_chunked.jsonl,520
522,text_chunked.jsonl,521
523,text_chunked.jsonl,522
524,text_chunked.jsonl,523
525,text_chunked.jsonl,524
526,text_chunked.jsonl,525
527,text_chunked.jsonl,526
528,text_chunked.jsonl,527
529,text_chunked.jsonl,528
530,text_chunked.jsonl,529
531,text_chunked.jsonl,530
532,text_chunked.jsonl,531
533,text_chunked.jsonl,532
534,text_chunked.jsonl,533
535,text_chunked.jsonl,534
536,text_chunked.jsonl,535
537,text_chunked.jsonl,536
538,text_chunked.jsonl,537
539,text_chunked.jsonl,538
540,text_chunked.jsonl,539
541,text_chunked.jsonl,540
542,text_chunked.jsonl,541
543,text_chunked.jsonl,542
544,text_chunked.jsonl,543
545,text_chunked.jsonl,544
546,text_chunked.jsonl,545
547,text_chunked.jsonl,546
548,text_chunked.jsonl,547
549,text_chunked.jsonl,548
550,text_chunked.jsonl,549
551,text_chunked.jsonl,550
552,text_chunked.jsonl,551
553,text_chunked.jsonl,552
554,text_chunked.jsonl,553
555,text_chunked.jsonl,554
556,text_chunked.jsonl,555
557,text_chunked.jsonl,556
558,text_chunked.jsonl,557
559,text_chunked.jsonl,558
560,text_chunked.jsonl,559
561,text_chunked.jsonl,560
562,text_chunked.jsonl,561
563,text_chunked.jsonl,562
564,text_chunked.jsonl,563
565,text_chunked.jsonl,564
566,text_chunked.jsonl,565
567,text_chunked.jsonl,566
568,text_chunked.jsonl,567
569,text_chunked.jsonl,568
570,text_chunked.jsonl,569
571,text_chunked.jsonl,570
572,text_chunked.jsonl,571
573,text_chunked.jsonl,572
574,text_chunked.jsonl,573
575,text_chunked.jsonl,574
576,text_chunked.jsonl,575
577,text_chunked.jsonl,576
578,text_chunked.jsonl,577
579,text_chunked.jsonl,578
580,text_chunked.jsonl,579
581,text_chunked.jsonl,580
582,text_chunked.jsonl,581
583,text_chunked.jsonl,582
584,text_chunked.jsonl,583
585,text_chunked.jsonl,584
586,text_chunked.jsonl,585
587,text_chunked.jsonl,586
588,text_chunked.jsonl,587
589,text_chunked.jsonl,588
590,text_chunked.jsonl,589
591,text_chunked.jsonl,590
592,text_chunked.jsonl,591
593,text_chunked.jsonl,592
594,text_chunked.jsonl,593
595,text_chunked.jsonl,594
596,text_chunked.jsonl,595
597,text_chunked.jsonl,596
598,text_chunked.jsonl,597
599,text_chunked.jsonl,598
600,text_chunked.jsonl,599
601,text_chunked.jsonl,600
602,text_chunked.jsonl,601
603,text_chunked.jsonl,602
604,text_chunked.jsonl,603
605,text_chunked.jsonl,604
606,text_chunked.jsonl,605
607,text_chunked.jsonl,606
608,text_chunked.jsonl,607
609,text_chunked.jsonl,608
610,text_chunked.jsonl,609
611,text_chunked.jsonl,610
612,text_chunked.jsonl,611
613,text_chunked.jsonl,612
614,text_chunked.jsonl,613
615,text_chunked.jsonl,614
616,text_chunked.jsonl,615
617,text_chunked.jsonl,616
618,text_chunked.jsonl,617
619,text_chunked.jsonl,618
620,text_chunked.jsonl,619
621,text_chunked.jsonl,620
622,text_chunked.jsonl,621
623,text_chunked.jsonl,622
624,text_chunked.jsonl,623
625,text_chunked.jsonl,624
626,text_chunked.jsonl,625
627,text_chunked.jsonl,626
628,text_chunked.jsonl,627
629,text_chunked.jsonl,628
630,text_chunked.jsonl,629
631,text_chunked.jsonl,630
632,text_chunked.jsonl,631
633,text_chunked.jsonl,632
634,text_chunked.jsonl,633
635,text_chunked.jsonl,634
636,text_chunked.jsonl,635
637,text_chunked.jsonl,636
638,text_chunked.jsonl,637
639,text_chunked.jsonl,638
640,text_chunked.jsonl,639
641,text_chunked.jsonl,640
642,text_chunked.jsonl,641
643,text_chunked.jsonl,642
644,text_chunked.jsonl,643
645,text_chunked.jsonl,644
646,text_chunked.jsonl,645
647,text_chunked.jsonl,646
648,text_chunked.jsonl,647
649,text_chunked.jsonl,648
650,text_chunked.jsonl,649
651,text_chunked.jsonl,650
652,text_chunked.jsonl,651
653,text_chunked.jsonl,652
654,text_chunked.jsonl,653
655,text_chunked.jsonl,654
656,text_chunked.jsonl,655
657,text_chunked.jsonl,656
658,text_chunked.jsonl,657
659,text_chunked.jsonl,658
660,text_chunked.jsonl,659
661,text_chunked.jsonl,660
662,text_chunked.jsonl,661
663,text_chunked.jsonl,662
664,text_chunked.jsonl,663
665,text_chunked.jsonl,664
666,text_chunked.jsonl,665
667,text_chunked.jsonl,666
668,text_chunked.jsonl,667
669,text_chunked.jsonl,668
670,text_chunked.jsonl,669
671,text_chunked.jsonl,670
672,text_chunked.jsonl,671
673,text_chunked.jsonl,672
674,text_chunked.jsonl,673
675,text_chunked.jsonl,674
676,text_chunked.jsonl,675
677,text_chunked.jsonl,676
678,text_chunked.jsonl,677
679,text_chunked.jsonl,678
680,text_chunked.jsonl,679
681,text_chunked.jsonl,680
682,text_chunked.jsonl,681
683,text_chunked.jsonl,682
684,text_chunked.jsonl,683
685,text_chunked.jsonl,684
686,text_chunked.jsonl,685
687,text_chunked.jsonl,686
688,text_chunked.jsonl,687
689,text_chunked.jsonl,688
690,text_chunked.jsonl,689
691,text_chunked.jsonl,690
692,text_chunked.jsonl,691
693,text_chunked.jsonl,692
694,text_chunked.jsonl,693
695,text_chunked.jsonl,694
696,text_chunked.jsonl,695
697,text_chunked.jsonl,696
698,text_chunked.jsonl,697
699,text_chunked.jsonl,698
700,text_chunked.jsonl,699
701,text_chunked.jsonl,700
702,text_chunked.jsonl,701
703,text_chunked.jsonl,702
704,text_chunked.jsonl,703
705,text_chunked.jsonl,704
706,text_chunked.jsonl,705
707,text_chunked.jsonl,706
708,text_chunked.jsonl,707
709,text_chunked.jsonl,708
710,text_chunked.jsonl,709
711,text_chunked.jsonl,710
712,text_chunked.jsonl,711
713,text_chunked.jsonl,712
714,text_chunked.jsonl,713
715,text_chunked.jsonl,714
716,text_chunked.jsonl,715
717,text_chunked.jsonl,716
718,text_chunked.jsonl,717
719,text_chunked.jsonl,718
720,text_chunked.jsonl,719
721,text_chunked.jsonl,720
722,text_chunked.jsonl,721
723,text_chunked.jsonl,722
724,text_chunked.jsonl,723
725,text_chunked.jsonl,724
726,text_chunked.jsonl,725
727,text_chunked.jsonl,726
728,text_chunked.jsonl,727
729,text_chunked.jsonl,728
730,text_chunked.jsonl,729
731,text_chunked.jsonl,730
732,text_chunked.jsonl,731
733,text_chunked.jsonl,732
734,text_chunked.jsonl,733
735,text_chunked.jsonl,734
736,text_chunked.jsonl,735
737,text_chunked.jsonl,736
738,text_chunked.jsonl,737
739,text_chunked.jsonl,738
740,text_chunked.jsonl,739
741,text_chunked.jsonl,740
742,text_chunked.jsonl,741
743,text_chunked.jsonl,742
744,text_chunked.jsonl,743
745,text_chunked.jsonl,744
746,text_chunked.jsonl,745
747,text_chunked.jsonl,746
748,text_chunked.jsonl,747
749,text_chunked.jsonl,748
750,text_chunked.jsonl,749
751,text_chunked.jsonl,750
752,text_chunked.jsonl,751
753,text_chunked.jsonl,752
754,text_chunked.jsonl,753
755,text_chunked.jsonl,754
756,text_chunked.jsonl,755
757,text_chunked.jsonl,756
758,text_chunked.jsonl,757
759,text_chunked.jsonl,758
760,text_chunked.jsonl,759
761,text_chunked.jsonl,760
762,text_chunked.jsonl,761
763,text_chunked.jsonl,762
764,text_chunked.jsonl,763
765,text_chunked.jsonl,764
766,text_chunked.jsonl,765
767,text_chunked.jsonl,766
768,text_chunked.jsonl,767
769,text_chunked.jsonl,768
770,text_chunked.jsonl,769
771,text_chunked.jsonl,770
772,text_chunked.jsonl,771
773,text_chunked.jsonl,772
774,text_chunked.jsonl,773
775,text_chunked.jsonl,774
776,text_chunked.jsonl,775
777,text_chunked.jsonl,776
778,text_chunked.jsonl,777
779,text_chunked.jsonl,778
780,text_chunked.jsonl,779
781,text_chunked.jsonl,780
782,text_chunked.jsonl,781
783,text_chunked.jsonl,782
784,text_chunked.jsonl,783
785,text_chunked.jsonl,784
786,text_chunked.jsonl,785
787,text_chunked.jsonl,786
788,text_chunked.jsonl,787
789,text_chunked.jsonl,788
790,text_chunked.jsonl,789
791,text_chunked.jsonl,790
792,text_chunked.jsonl,791
793,text_chunked.jsonl,792
794,text_chunked.jsonl,793
795,text_chunked.jsonl,794
796,text_chunked.jsonl,795
797,text_chunked.jsonl,796
798,text_chunked.jsonl,797
799,text_chunked.jsonl,798
800,text_chunked.jsonl,799
801,text_chunked.jsonl,800
802,text_chunked.jsonl,801
803,text_chunked.jsonl,802
804,text_chunked.jsonl,803
805,text_chunked.jsonl,804
806,text_chunked.jsonl,805
807,text_chunked.jsonl,806
808,text_chunked.jsonl,807
809,text_chunked.jsonl,808
810,text_chunked.jsonl,809
811,text_chunked.jsonl,810
812,text_chunked.jsonl,811
813,text_chunked.jsonl,812
814,text_chunked.jsonl,813
815,text_chunked.jsonl,814
816,text_chunked.jsonl,815
817,text_chunked.jsonl,816
818,text_chunked.jsonl,817
819,text_chunked.jsonl,818
820,text_chunked.jsonl,819
821,text_chunked.jsonl,820
822,text_chunked.jsonl,821
823,text_chunked.jsonl,822
824,text_chunked.jsonl,823
825,text_chunked.jsonl,824
826,text_chunked.jsonl,825
827,text_chunked.jsonl,826
828,text_chunked.jsonl,827
829,text_chunked.jsonl,828
830,text_chunked.jsonl,829
831,text_chunked.jsonl,830
832,text_chunked.jsonl,831
833,text_chunked.jsonl,832
834,text_chunked.jsonl,833
835,text_chunked.jsonl,834
836,text_chunked.jsonl,835
837,text_chunked.jsonl,836
838,text_chunked.jsonl,837
839,text_chunked.jsonl,838
840,text_chunked.jsonl,839
841,text_chunked.jsonl,840
842,text_chunked.jsonl,841
843,text_chunked.jsonl,842
844,text_chunked.jsonl,843
845,text_chunked.jsonl,844
846,text_chunked.jsonl,845
847,text_chunked.jsonl,846
848,text_chunked.jsonl,847
849,text_chunked.jsonl,848
850,text_chunked.jsonl,849
851,text_chunked.jsonl,850
852,text_chunked.jsonl,851
853,text_chunked.jsonl,852
854,text_chunked.jsonl,853
855,text_chunked.jsonl,854
856,text_chunked.jsonl,855
857,text_chunked.jsonl,856
858,text_chunked.jsonl,857
859,text_chunked.jsonl,858
860,text_chunked.jsonl,859
861,text_chunked.jsonl,860
862,text_chunked.jsonl,861
863,text_chunked.jsonl,862
864,text_chunked.jsonl,863
865,text_chunked.jsonl,864
866,text_chunked.jsonl,865
867,text_chunked.jsonl,866
868,text_chunked.jsonl,867
869,text_chunked.jsonl,868
870,text_chunked.jsonl,869
871,text_chunked.jsonl,870
872,text_chunked.jsonl,871
873,text_chunked.jsonl,872
874,text_chunked.jsonl,873
875,text_chunked.jsonl,874
876,text_chunked.jsonl,875
877,text_chunked.jsonl,876
878,text_chunked.jsonl,877
879,text_chunked.jsonl,878
880,text_chunked.jsonl,879
881,text_chunked.jsonl,880
882,text_chunked.jsonl,881
883,text_chunked.jsonl,882
884,text_chunked.jsonl,883
885,text_chunked.jsonl,884
886,text_chunked.jsonl,885
887,text_chunked.jsonl,886
888,text_chunked.jsonl,887
889,text_chunked.jsonl,888
890,text_chunked.jsonl,889
891,text_chunked.jsonl,890
892,text_chunked.jsonl,891
893,text_chunked.jsonl,892
894,text_chunked.jsonl,893
895,text_chunked.jsonl,894
896,text_chunked.jsonl,895
897,text_chunked.jsonl,896
898,text_chunked.jsonl,897
899,text_chunked.jsonl,898
900,text_chunked.jsonl,899
901,text_chunked.jsonl,900
902,text_chunked.jsonl,901
903,text_chunked.jsonl,902
904,text_chunked.jsonl,903
905,text_chunked.jsonl,904
906,text_chunked.jsonl,905
907,text_chunked.jsonl,906
908,text_chunked.jsonl,907
909,text_chunked.jsonl,908
910,text_chunked.jsonl,909
911,text_chunked.jsonl,910
912,text_chunked.jsonl,911
913,text_chunked.jsonl,912
914,text_chunked.jsonl,913
915,text_chunked.jsonl,914
916,text_chunked.jsonl,915
917,text_chunked.jsonl,916
918,text_chunked.jsonl,917
919,text_chunked.jsonl,918
920,text_chunked.jsonl,919
921,text_chunked.jsonl,920
922,text_chunked.jsonl,921
923,text_chunked.jsonl,922
924,text_chunked.jsonl,923
925,text_chunked.jsonl,924
926,text_chunked.jsonl,925
927,text_chunked.jsonl,926
928,text_chunked.jsonl,927
929,text_chunked.jsonl,928
930,text_chunked.jsonl,929
931,text_chunked.jsonl,930
932,text_chunked.jsonl,931
933,text_chunked.jsonl,932
934,text_chunked.jsonl,933
935,text_chunked.jsonl,934
936,text_chunked.jsonl,935
937,text_chunked.jsonl,936
938,text_chunked.jsonl,937
939,text_chunked.jsonl,938
940,text_chunked.jsonl,939
941,text_chunked.jsonl,940
942,text_chunked.jsonl,941
943,text_chunked.jsonl,942
944,text_chunked.jsonl,943
945,text_chunked.jsonl,944
946,text_chunked.jsonl,945
947,text_chunked.jsonl,946
948,text_chunked.jsonl,947
949,text_chunked.jsonl,948
950,text_chunked.jsonl,949
951,text_chunked.jsonl,950
952,text_chunked.jsonl,951
953,text_chunked.jsonl,952
954,text_chunked.jsonl,953
955,text_chunked.jsonl,954
956,text_chunked.jsonl,955
957,text_chunked.jsonl,956
958,text_chunked.jsonl,957
959,text_chunked.jsonl,958
960,text_chunked.jsonl,959
961,text_chunked.jsonl,960
962,text_chunked.jsonl,961
963,text_chunked.jsonl,962
964,text_chunked.jsonl,963
965,text_chunked.jsonl,964
966,text_chunked.jsonl,965
967,text_chunked.jsonl,966
968,text_chunked.jsonl,967
969,text_chunked.jsonl,968
970,text_chunked.jsonl,969
971,text_chunked.jsonl,970
972,text_chunked.jsonl,971
973,text_chunked.jsonl,972
974,text_chunked.jsonl,973
975,text_chunked.jsonl,974
976,text_chunked.jsonl,975
977,text_chunked.jsonl,976
978,text_chunked.jsonl,977
979,text_chunked.jsonl,978
980,text_chunked.jsonl,979
981,text_chunked.jsonl,980
982,text_chunked.jsonl,981
983,text_chunked.jsonl,982
984,text_chunked.jsonl,983
985,text_chunked.jsonl,984
986,text_chunked.jsonl,985
987,text_chunked.jsonl,986
988,text_chunked.jsonl,987
989,text_chunked.jsonl,988
990,text_chunked.jsonl,989
991,text_chunked.jsonl,990
992,text_chunked.jsonl,991
993,text_chunked.jsonl,992
994,text_chunked.jsonl,993
995,text_chunked.jsonl,994
996,text_chunked.jsonl,995
997,text_chunked.jsonl,996
998,text_chunked.jsonl,997
999,text_chunked.jsonl,998
1000,text_chunked.jsonl,999
1001,text_chunked.jsonl,1000
1002,text_chunked.jsonl,1001
1003,text_chunked.jsonl,1002
1004,text_chunked.jsonl,1003
1005,text_chunked.jsonl,1004
1006,text_chunked.jsonl,1005
1007,text_chunked.jsonl,1006
1008,text_chunked.jsonl,1007
1009,text_chunked.jsonl,1008
1010,text_chunked.jsonl,1009
1011,text_chunked.jsonl,1010
1012,text_chunked.jsonl,1011
1013,text_chunked.jsonl,1012
1014,text_chunked.jsonl,1013
1015,text_chunked.jsonl,1014
1016,text_chunked.jsonl,1015
1017,text_chunked.jsonl,1016
1018,text_chunked.jsonl,1017
1019,text_chunked.jsonl,1018
1020,text_chunked.jsonl,1019
1021,text_chunked.jsonl,1020
1022,text_chunked.jsonl,1021
1023,text_chunked.jsonl,1022
1024,text_chunked.jsonl,1023
1025,text_chunked.jsonl,1024
1026,text_chunked.jsonl,1025
1027,text_chunked.jsonl,1026
1028,text_chunked.jsonl,1027
1029,text_chunked.jsonl,1028
1030,text_chunked.jsonl,1029
1031,text_chunked.jsonl,1030
1032,text_chunked.jsonl,1031
1033,text_chunked.jsonl,1032
1034,text_chunked.jsonl,1033
1035,text_chunked.jsonl,1034
1036,text_chunked.jsonl,1035
1037,text_chunked.jsonl,1036
1038,text_chunked.jsonl,1037
1039,text_chunked.jsonl,1038
1040,text_chunked.jsonl,1039
1041,text_chunked.jsonl,1040
1042,text_chunked.jsonl,1041
1043,text_chunked.jsonl,1042
1044,text_chunked.jsonl,1043
1045,text_chunked.jsonl,1044
1046,text_chunked.jsonl,1045
1047,text_chunked.jsonl,1046
1048,text_chunked.jsonl,1047
1049,text_chunked.jsonl,1048
1050,text_chunked.jsonl,1049
1051,text_chunked.jsonl,1050
1052,text_chunked.jsonl,1051
1053,text_chunked.jsonl,1052
1054,text_chunked.jsonl,1053
1055,text_chunked.jsonl,1054
1056,text_chunked.jsonl,1055
1057,text_chunked.jsonl,1056
1058,text_chunked.jsonl,1057
1059,text_chunked.jsonl,1058
1060,text_chunked.jsonl,1059
1061,text_chunked.jsonl,1060
1062,text_chunked.jsonl,1061
1063,text_chunked.jsonl,1062
1064,text_chunked.jsonl,1063
1065,text_chunked.jsonl,1064
1066,text_chunked.jsonl,1065
1067,text_chunked.jsonl,1066
1068,text_chunked.jsonl,1067
1069,text_chunked.jsonl,1068
1070,text_chunked.jsonl,1069
1071,text_chunked.jsonl,1070
1072,text_chunked.jsonl,1071
1073,text_chunked.jsonl,1072
1074,text_chunked.jsonl,1073
1075,text_chunked.jsonl,1074
1076,text_chunked.jsonl,1075
1077,text_chunked.jsonl,1076
1078,text_chunked.jsonl,1077
1079,text_chunked.jsonl,1078
1080,text_chunked.jsonl,1079
1081,text_chunked.jsonl,1080
1082,text_chunked.jsonl,1081
1083,text_chunked.jsonl,1082
1084,text_chunked.jsonl,1083
1085,text_chunked.jsonl,1084
1086,text_chunked.jsonl,1085
1087,text_chunked.jsonl,1086
1088,text_chunked.jsonl,1087
1089,text_chunked.jsonl,1088
1090,text_chunked.jsonl,1089
1091,text_chunked.jsonl,1090
1092,text_chunked.jsonl,1091
1093,text_chunked.jsonl,1092
1094,text_chunked.jsonl,1093
1095,text_chunked.jsonl,1094
1096,text_chunked.jsonl,1095
1097,text_chunked.jsonl,1096
1098,text_chunked.jsonl,1097
1099,text_chunked.jsonl,1098
1100,text_chunked.jsonl,1099
1101,text_chunked.jsonl,1100
1102,text_chunked.jsonl,1101
1103,text_chunked.jsonl,1102
1104,text_chunked.jsonl,1103
1105,text_chunked.jsonl,1104
1106,text_chunked.jsonl,1105
1107,text_chunked.jsonl,1106
1108,text_chunked.jsonl,1107
1109,text_chunked.jsonl,1108
1110,text_chunked.jsonl,1109
1111,text_chunked.jsonl,1110
1112,text_chunked.jsonl,1111
1113,text_chunked.jsonl,1112
1114,text_chunked.jsonl,1113
1115,text_chunked.jsonl,1114
1116,text_chunked.jsonl,1115
1117,text_chunked.jsonl,1116
1118,text_chunked.jsonl,1117
1119,text_chunked.jsonl,1118
1120,text_chunked.jsonl,1119
1121,text_chunked.jsonl,1120
1122,text_chunked.jsonl,1121
1123,text_chunked.jsonl,1122
1124,text_chunked.jsonl,1123
1125,text_chunked.jsonl,1124
1126,text_chunked.jsonl,1125
1127,text_chunked.jsonl,1126
1128,text_chunked.jsonl,1127
1129,text_chunked.jsonl,1128
1130,text_chunked.jsonl,1129
1131,text_chunked.jsonl,1130
1132,text_chunked.jsonl,1131
1133,text_chunked.jsonl,1132
1134,text_chunked.jsonl,1133
1135,text_chunked.jsonl,1134
1136,text_chunked.jsonl,1135
1137,text_chunked.jsonl,1136
1138,text_chunked.jsonl,1137
1139,text_chunked.jsonl,1138
1140,text_chunked.jsonl,1139
1141,text_chunked.jsonl,1140
1142,text_chunked.jsonl,1141
1143,text_chunked.jsonl,1142
1144,text_chunked.jsonl,1143
1145,text_chunked.jsonl,1144
1146,text_chunked.jsonl,1145
1147,text_chunked.jsonl,1146
1148,text_chunked.jsonl,1147
1149,text_chunked.jsonl,1148
1150,text_chunked.jsonl,1149
1151,text_chunked.jsonl,1150
1152,text_chunked.jsonl,1151
1153,text_chunked.jsonl,1152
1154,text_chunked.jsonl,1153
1155,text_chunked.jsonl,1154
1156,text_chunked.jsonl,1155
1157,text_chunked.jsonl,1156
1158,text_chunked.jsonl,1157
1159,text_chunked.jsonl,1158
1160,text_chunked.jsonl,1159
1161,text_chunked.jsonl,1160
1162,text_chunked.jsonl,1161
1163,text_chunked.jsonl,1162
1164,text_chunked.jsonl,1163
1165,text_chunked.jsonl,1164
1166,text_chunked.jsonl,1165
1167,text_chunked.jsonl,1166
1168,text_chunked.jsonl,1167
1169,text_chunked.jsonl,1168
1170,text_chunked.jsonl,1169
1171,text_chunked.jsonl,1170
1172,text_chunked.jsonl,1171
1173,text_chunked.jsonl,1172
1174,text_chunked.jsonl,1173
1175,text_chunked.jsonl,1174
1176,text_chunked.jsonl,1175
1177,text_chunked.jsonl,1176
1178,text_chunked.jsonl,1177
1179,text_chunked.jsonl,1178
1180,text_chunked.jsonl,1179
1181,text_chunked.jsonl,1180
1182,text_chunked.jsonl,1181
1183,text_chunked.jsonl,1182
1184,text_chunked.jsonl,1183
1185,text_chunked.jsonl,1184
1186,text_chunked.jsonl,1185
1187,text_chunked.jsonl,1186
1188,text_chunked.jsonl,1187
1189,text_chunked.jsonl,1188
1190,text_chunked.jsonl,1189
1191,text_chunked.jsonl,1190
1192,text_chunked.jsonl,1191
1193,text_chunked.jsonl,1192
1194,text_chunked.jsonl,1193
1195,text_chunked.jsonl,1194
1196,text_chunked.jsonl,1195
1197,text_chunked.jsonl,1196
1198,text_chunked.jsonl,1197
1199,text_chunked.jsonl,1198
1200,text_chunked.jsonl,1199
1201,text_chunked.jsonl,1200
1202,text_chunked.jsonl,1201
1203,text_chunked.jsonl,1202
1204,text_chunked.jsonl,1203
1205,text_chunked.jsonl,1204
1206,text_chunked.jsonl,1205
1207,text_chunked.jsonl,1206
1208,text_chunked.jsonl,1207
1209,text_chunked.jsonl,1208
1210,text_chunked.jsonl,1209
1211,text_chunked.jsonl,1210
1212,text_chunked.jsonl,1211
1213,text_chunked.jsonl,1212
1214,text_chunked.jsonl,1213
1215,text_chunked.jsonl,1214
1216,text_chunked.jsonl,1215
1217,text_chunked.jsonl,1216
1218,text_chunked.jsonl,1217
1219,text_chunked.jsonl,1218
1220,text_chunked.jsonl,1219
1221,text_chunked.jsonl,1220
1222,text_chunked.jsonl,1221
1223,text_chunked.jsonl,1222
1224,text_chunked.jsonl,1223
1225,text_chunked.jsonl,1224
1226,text_chunked.jsonl,1225
1227,text_chunked.jsonl,1226
1228,text_chunked.jsonl,1227
1229,text_chunked.jsonl,1228
1230,text_chunked.jsonl,1229
1231,text_chunked.jsonl,1230
1232,text_chunked.jsonl,1231
1233,text_chunked.jsonl,1232
1234,text_chunked.jsonl,1233
1235,text_chunked.jsonl,1234
1236,text_chunked.jsonl,1235
1237,text_chunked.jsonl,1236
1238,text_chunked.jsonl,1237
1239,text_chunked.jsonl,1238
1240,text_chunked.jsonl,1239
1241,text_chunked.jsonl,1240
1242,text_chunked.jsonl,1241
1243,text_chunked.jsonl,1242
1244,text_chunked.jsonl,1243
1245,text_chunked.jsonl,1244
1246,text_chunked.jsonl,1245
1247,text_chunked.jsonl,1246
1248,text_chunked.jsonl,1247
1249,text_chunked.jsonl,1248
1250,text_chunked.jsonl,1249
1251,text_chunked.jsonl,1250
1252,text_chunked.jsonl,1251
1253,text_chunked.jsonl,1252
1254,text_chunked.jsonl,1253
1255,text_chunked.jsonl,1254
1256,text_chunked.jsonl,1255
1257,text_chunked.jsonl,1256
1258,text_chunked.jsonl,1257
1259,text_chunked.jsonl,1258
1260,text_chunked.jsonl,1259
1261,text_chunked.jsonl,1260
1262,text_chunked.jsonl,1261
1263,text_chunked.jsonl,1262
1264,text_chunked.jsonl,1263
1265,text_chunked.jsonl,1264
1266,text_chunked.jsonl,1265
1267,text_chunked.jsonl,1266
1268,text_chunked.jsonl,1267
1269,text_chunked.jsonl,1268
1270,text_chunked.jsonl,1269
1271,text_chunked.jsonl,1270
1272,text_chunked.jsonl,1271
1273,text_chunked.jsonl,1272
1274,text_chunked.jsonl,1273
1275,text_chunked.jsonl,1274
1276,text_chunked.jsonl,1275
1277,text_chunked.jsonl,1276
1278,text_chunked.jsonl,1277
1279,text_chunked.jsonl,1278
1280,text_chunked.jsonl,1279
1281,text_chunked.jsonl,1280
1282,text_chunked.jsonl,1281
1283,text_chunked.jsonl,1282
1284,text_chunked.jsonl,1283
1285,text_chunked.jsonl,1284
1286,text_chunked.jsonl,1285
1287,text_chunked.jsonl,1286
1288,text_chunked.jsonl,1287
1289,text_chunked.jsonl,1288
1290,text_chunked.jsonl,1289
1291,text_chunked.jsonl,1290
1292,text_chunked.jsonl,1291
1293,text_chunked.jsonl,1292
1294,text_chunked.jsonl,1293
1295,text_chunked.jsonl,1294
1296,text_chunked.jsonl,1295
1297,text_chunked.jsonl,1296
1298,text_chunked.jsonl,1297
1299,text_chunked.jsonl,1298
1300,text_chunked.jsonl,1299
1301,text_chunked.jsonl,1300
1302,text_chunked.jsonl,1301
1303,text_chunked.jsonl,1302
1304,text_chunked.jsonl,1303
1305,text_chunked.jsonl,1304
1306,text_chunked.jsonl,1305
1307,text_chunked.jsonl,1306
1308,text_chunked.jsonl,1307
1309,text_chunked.jsonl,1308
1310,text_chunked.jsonl,1309
1311,text_chunked.jsonl,1310
1312,text_chunked.jsonl,1311
1313,text_chunked.jsonl,1312
1314,text_chunked.jsonl,1313
1315,text_chunked.jsonl,1314
1316,text_chunked.jsonl,1315
1317,text_chunked.jsonl,1316
1318,text_chunked.jsonl,1317
1319,text_chunked.jsonl,1318
1320,text_chunked.jsonl,1319
1321,text_chunked.jsonl,1320
1322,text_chunked.jsonl,1321
1323,text_chunked.jsonl,1322
1324,text_chunked.jsonl,1323
1325,text_chunked.jsonl,1324
1326,text_chunked.jsonl,1325
1327,text_chunked.jsonl,1326
1328,text_chunked.jsonl,1327
1329,text_chunked.jsonl,1328
1330,text_chunked.jsonl,1329
1331,text_chunked.jsonl,1330
1332,text_chunked.jsonl,1331
1333,text_chunked.jsonl,1332
1334,text_chunked.jsonl,1333
1335,text_chunked.jsonl,1334
1336,text_chunked.jsonl,1335
1337,text_chunked.jsonl,1336
1338,text_chunked.jsonl,1337
1339,text_chunked.jsonl,1338
1340,text_chunked.jsonl,1339
1341,text_chunked.jsonl,1340
1342,text_chunked.jsonl,1341
1343,text_chunked.jsonl,1342
1344,text_chunked.jsonl,1343
1345,text_chunked.jsonl,1344
1346,text_chunked.jsonl,1345
1347,text_chunked.jsonl,1346
1348,text_chunked.jsonl,1347
1349,text_chunked.jsonl,1348
1350,text_chunked.jsonl,1349
1351,text_chunked.jsonl,1350
1352,text_chunked.jsonl,1351
1353,text_chunked.jsonl,1352
1354,text_chunked.jsonl,1353
1355,text_chunked.jsonl,1354
1356,text_chunked.jsonl,1355
1357,text_chunked.jsonl,1356
1358,text_chunked.jsonl,1357
1359,text_chunked.jsonl,1358
1360,text_chunked.jsonl,1359
1361,text_chunked.jsonl,1360
1362,text_chunked.jsonl,1361
1363,text_chunked.jsonl,1362
1364,text_chunked.jsonl,1363
1365,text_chunked.jsonl,1364
1366,text_chunked.jsonl,1365
1367,text_chunked.jsonl,1366
1368,text_chunked.jsonl,1367
1369,text_chunked.jsonl,1368
1370,text_chunked.jsonl,1369
1371,text_chunked.jsonl,1370
1372,text_chunked.jsonl,1371
1373,text_chunked.jsonl,1372
1374,text_chunked.jsonl,1373
1375,text_chunked.jsonl,1374
1376,text_chunked.jsonl,1375
1377,text_chunked.jsonl,1376
1378,text_chunked.jsonl,1377
1379,text_chunked.jsonl,1378
1380,text_chunked.jsonl,1379
1381,text_chunked.jsonl,1380
1382,text_chunked.jsonl,1381
1383,text_chunked.jsonl,1382
1384,text_chunked.jsonl,1383
1385,text_chunked.jsonl,1384
1386,text_chunked.jsonl,1385
1387,text_chunked.jsonl,1386
1388,text_chunked.jsonl,1387
1389,text_chunked.jsonl,1388
1390,text_chunked.jsonl,1389
1391,text_chunked.jsonl,1390
1392,text_chunked.jsonl,1391
1393,text_chunked.jsonl,1392
1394,text_chunked.jsonl,1393
1395,text_chunked.jsonl,1394
1396,text_chunked.jsonl,1395
1397,text_chunked.jsonl,1396
1398,text_chunked.jsonl,1397
1399,text_chunked.jsonl,1398
1400,text_chunked.jsonl,1399
1401,text_chunked.jsonl,1400
1402,text_chunked.jsonl,1401
1403,text_chunked.jsonl,1402
1404,text_chunked.jsonl,1403
1405,text_chunked.jsonl,1404
1406,text_chunked.jsonl,1405
1407,text_chunked.jsonl,1406
1408,text_chunked.jsonl,1407
1409,text_chunked.jsonl,1408
1410,text_chunked.jsonl,1409
1411,text_chunked.jsonl,1410
1412,text_chunked.jsonl,1411
1413,text_chunked.jsonl,1412
1414,text_chunked.jsonl,1413
1415,text_chunked.jsonl,1414
1416,text_chunked.jsonl,1415
1417,text_chunked.jsonl,1416
1418,text_chunked.jsonl,1417
1419,text_chunked.jsonl,1418
1420,text_chunked.jsonl,1419
1421,text_chunked.jsonl,1420
1422,text_chunked.jsonl,1421
1423,text_chunked.jsonl,1422
1424,text_chunked.jsonl,1423
1425,text_chunked.jsonl,1424
1426,text_chunked.jsonl,1425
1427,text_chunked.jsonl,1426
1428,text_chunked.jsonl,1427
1429,text_chunked.jsonl,1428
1430,text_chunked.jsonl,1429
1431,text_chunked.jsonl,1430
1432,text_chunked.jsonl,1431
1433,text_chunked.jsonl,1432
1434,text_chunked.jsonl,1433
1435,text_chunked.jsonl,1434
1436,text_chunked.jsonl,1435
1437,text_chunked.jsonl,1436
1438,text_chunked.jsonl,1437
1439,text_chunked.jsonl,1438
1440,text_chunked.jsonl,1439
1441,text_chunked.jsonl,1440
1442,text_chunked.jsonl,1441
1443,text_chunked.jsonl,1442
1444,text_chunked.jsonl,1443
1445,text_chunked.jsonl,1444
1446,text_chunked.jsonl,1445
1447,text_chunked.jsonl,1446
1448,text_chunked.jsonl,1447
1449,text_chunked.jsonl,1448
1450,text_chunked.jsonl,1449
1451,text_chunked.jsonl,1450
1452,text_chunked.jsonl,1451
1453,text_chunked.jsonl,1452
1454,text_chunked.jsonl,1453
1455,text_chunked.jsonl,1454
1456,text_chunked.jsonl,1455
1457,text_chunked.jsonl,1456
1458,text_chunked.jsonl,1457
1459,text_chunked.jsonl,1458
1460,text_chunked.jsonl,1459
1461,text_chunked.jsonl,1460
1462,text_chunked.jsonl,1461
1463,text_chunked.jsonl,1462
1464,text_chunked.jsonl,1463
1465,text_chunked.jsonl,1464
1466,text_chunked.jsonl,1465
1467,text_chunked.jsonl,1466
1468,text_chunked.jsonl,1467
1469,text_chunked.jsonl,1468
1470,text_chunked.jsonl,1469
1471,text_chunked.jsonl,1470
1472,text_chunked.jsonl,1471
1473,text_chunked.jsonl,1472
1474,text_chunked.jsonl,1473
1475,text_chunked.jsonl,1474
1476,text_chunked.jsonl,1475
1477,text_chunked.jsonl,1476
1478,text_chunked.jsonl,1477
1479,text_chunked.jsonl,1478
1480,text_chunked.jsonl,1479
1481,text_chunked.jsonl,1480
1482,text_chunked.jsonl,1481
1483,text_chunked.jsonl,1482
1484,text_chunked.jsonl,1483
1485,text_chunked.jsonl,1484
1486,text_chunked.jsonl,1485
1487,text_chunked.jsonl,1486
1488,text_chunked.jsonl,1487
1489,text_chunked.jsonl,1488
1490,text_chunked.jsonl,1489
1491,text_chunked.jsonl,1490
1492,text_chunked.jsonl,1491
1493,text_chunked.jsonl,1492
1494,text_chunked.jsonl,1493
1495,text_chunked.jsonl,1494
1496,text_chunked.jsonl,1495
1497,text_chunked.jsonl,1496
1498,text_chunked.jsonl,1497
1499,text_chunked.jsonl,1498
1500,text_chunked.jsonl,1499
1501,text_chunked.jsonl,1500
1502,text_chunked.jsonl,1501
1503,text_chunked.jsonl,1502
1504,text_chunked.jsonl,1503
1505,text_chunked.jsonl,1504
1506,text_chunked.jsonl,1505
1507,text_chunked.jsonl,1506
1508,text_chunked.jsonl,1507
1509,text_chunked.jsonl,1508
1510,text_chunked.jsonl,1509
1511,text_chunked.jsonl,1510
1512,text_chunked.jsonl,1511
1513,text_chunked.jsonl,1512
1514,text_chunked.jsonl,1513
1515,text_chunked.jsonl,1514
1516,text_chunked.jsonl,1515
1517,text_chunked.jsonl,1516
1518,text_chunked.jsonl,1517
1519,text_chunked.jsonl,1518
1520,text_chunked.jsonl,1519
1521,text_chunked.jsonl,1520
1522,text_chunked.jsonl,1521
1523,text_chunked.jsonl,1522
1524,text_chunked.jsonl,1523
1525,text_chunked.jsonl,1524
1526,text_chunked.jsonl,1525
1527,text_chunked.jsonl,1526
1528,text_chunked.jsonl,1527
1529,text_chunked.jsonl,1528
1530,text_chunked.jsonl,1529
1531,text_chunked.jsonl,1530
1532,text_chunked.jsonl,1531
1533,text_chunked.jsonl,1532
1534,text_chunked.jsonl,1533
1535,text_chunked.jsonl,1534
1536,text_chunked.jsonl,1535
1537,text_chunked.jsonl,1536
1538,text_chunked.jsonl,1537
1539,text_chunked.jsonl,1538
1540,text_chunked.jsonl,1539
1541,text_chunked.jsonl,1540
1542,text_chunked.jsonl,1541
1543,text_chunked.jsonl,1542
1544,text_chunked.jsonl,1543
1545,text_chunked.jsonl,1544
1546,text_chunked.jsonl,1545
1547,text_chunked.jsonl,1546
1548,text_chunked.jsonl,1547
1549,text_chunked.jsonl,1548
1550,text_chunked.jsonl,1549
1551,text_chunked.jsonl,1550
1552,text_chunked.jsonl,1551
1553,text_chunked.jsonl,1552
1554,text_chunked.jsonl,1553
1555,text_chunked.jsonl,1554
1556,text_chunked.jsonl,1555
1557,text_chunked.jsonl,1556
1558,text_chunked.jsonl,1557
1559,text_chunked.jsonl,1558
1560,text_chunked.jsonl,1559
1561,text_chunked.jsonl,1560
1562,text_chunked.jsonl,1561
1563,text_chunked.jsonl,1562
1564,text_chunked.jsonl,1563
1565,text_chunked.jsonl,1564
1566,text_chunked.jsonl,1565
1567,text_chunked.jsonl,1566
1568,text_chunked.jsonl,1567
1569,text_chunked.jsonl,1568
1570,text_chunked.jsonl,1569
1571,text_chunked.jsonl,1570
1572,text_chunked.jsonl,1571
1573,text_chunked.jsonl,1572
1574,text_chunked.jsonl,1573
1575,text_chunked.jsonl,1574
1576,text_chunked.jsonl,1575
1577,text_chunked.jsonl,1576
1578,text_chunked.jsonl,1577
1579,text_chunked.jsonl,1578
1580,text_chunked.jsonl,1579
1581,text_chunked.jsonl,1580
1582,text_chunked.jsonl,1581
1583,text_chunked.jsonl,1582
1584,text_chunked.jsonl,1583
1585,text_chunked.jsonl,1584
1586,text_chunked.jsonl,1585
1587,text_chunked.jsonl,1586
1588,text_chunked.jsonl,1587
1589,text_chunked.jsonl,1588
1590,text_chunked.jsonl,1589
1591,text_chunked.jsonl,1590
1592,text_chunked.jsonl,1591
1593,text_chunked.jsonl,1592
1594,text_chunked.jsonl,1593
1595,text_chunked.jsonl,1594
1596,text_chunked.jsonl,1595
1597,text_chunked.jsonl,1596
1598,text_chunked.jsonl,1597
1599,text_chunked.jsonl,1598
1600,text_chunked.jsonl,1599
1601,text_chunked.jsonl,1600
1602,text_chunked.jsonl,1601
1603,text_chunked.jsonl,1602
1604,text_chunked.jsonl,1603
1605,text_chunked.jsonl,1604
1606,text_chunked.jsonl,1605
1607,text_chunked.jsonl,1606
1608,text_chunked.jsonl,1607
1609,text_chunked.jsonl,1608
1610,text_chunked.jsonl,1609
1611,text_chunked.jsonl,1610
1612,text_chunked.jsonl,1611
1613,text_chunked.jsonl,1612
1614,text_chunked.jsonl,1613
1615,text_chunked.jsonl,1614
1616,text_chunked.jsonl,1615
1617,text_chunked.jsonl,1616
1618,text_chunked.jsonl,1617
1619,text_chunked.jsonl,1618
1620,text_chunked.jsonl,1619
1621,text_chunked.jsonl,1620
1622,text_chunked.jsonl,1621
1623,text_chunked.jsonl,1622
1624,text_chunked.jsonl,1623
1625,text_chunked.jsonl,1624
1626,text_chunked.jsonl,1625
1627,text_chunked.jsonl,1626
1628,text_chunked.jsonl,1627
1629,text_chunked.jsonl,1628
1630,text_chunked.jsonl,1629
1631,text_chunked.jsonl,1630
1632,text_chunked.jsonl,1631
1633,text_chunked.jsonl,1632
1634,text_chunked.jsonl,1633
1635,text_chunked.jsonl,1634
1636,text_chunked.jsonl,1635
1637,text_chunked.jsonl,1636
1638,text_chunked.jsonl,1637
1639,text_chunked.jsonl,1638
1640,text_chunked.jsonl,1639
1641,text_chunked.jsonl,1640
1642,text_chunked.jsonl,1641
1643,text_chunked.jsonl,1642
1644,text_chunked.jsonl,1643
1645,text_chunked.jsonl,1644
1646,text_chunked.jsonl,1645
1647,text_chunked.jsonl,1646
1648,text_chunked.jsonl,1647
1649,text_chunked.jsonl,1648
1650,text_chunked.jsonl,1649
1651,text_chunked.jsonl,1650
1652,text_chunked.jsonl,1651
1653,text_chunked.jsonl,1652
1654,text_chunked.jsonl,1653
1655,text_chunked.jsonl,1654
1656,text_chunked.jsonl,1655
1657,text_chunked.jsonl,1656
1658,text_chunked.jsonl,1657
1659,text_chunked.jsonl,1658
1660,text_chunked.jsonl,1659
1661,text_chunked.jsonl,1660
1662,text_chunked.jsonl,1661
1663,text_chunked.jsonl,1662
1664,text_chunked.jsonl,1663
1665,text_chunked.jsonl,1664
1666,text_chunked.jsonl,1665
1667,text_chunked.jsonl,1666
1668,text_chunked.jsonl,1667
1669,text_chunked.jsonl,1668
1670,text_chunked.jsonl,1669
1671,text_chunked.jsonl,1670
1672,text_chunked.jsonl,1671
1673,text_chunked.jsonl,1672
1674,text_chunked.jsonl,1673
1675,text_chunked.jsonl,1674
1676,text_chunked.jsonl,1675
1677,text_chunked.jsonl,1676
1678,text_chunked.jsonl,1677
1679,text_chunked.jsonl,1678
1680,text_chunked.jsonl,1679
1681,text_chunked.jsonl,1680
1682,text_chunked.jsonl,1681
1683,text_chunked.jsonl,1682
1684,text_chunked.jsonl,1683
1685,text_chunked.jsonl,1684
1686,text_chunked.jsonl,1685
1687,text_chunked.jsonl,1686
1688,text_chunked.jsonl,1687
1689,text_chunked.jsonl,1688
1690,text_chunked.jsonl,1689
1691,text_chunked.jsonl,1690
1692,text_chunked.jsonl,1691
1693,text_chunked.jsonl,1692
1694,text_chunked.jsonl,1693
1695,text_chunked.jsonl,1694
1696,text_chunked.jsonl,1695
1697,text_chunked.jsonl,1696
1698,text_chunked.jsonl,1697
1699,text_chunked.jsonl,1698
1700,text_chunked.jsonl,1699
1701,text_chunked.jsonl,1700
1702,text_chunked.jsonl,1701
1703,text_chunked.jsonl,1702
1704,text_chunked.jsonl,1703
1705,text_chunked.jsonl,1704
1706,text_chunked.jsonl,1705
1707,text_chunked.jsonl,1706
1708,text_chunked.jsonl,1707
1709,text_chunked.jsonl,1708
1710,text_chunked.jsonl,1709
1711,text_chunked.jsonl,1710
1712,text_chunked.jsonl,1711
1713,text_chunked.jsonl,1712
1714,text_chunked.jsonl,1713
1715,text_chunked.jsonl,1714
1716,text_chunked.jsonl,1715
1717,text_chunked.jsonl,1716
1718,text_chunked.jsonl,1717
1719,text_chunked.jsonl,1718
1720,text_chunked.jsonl,1719
1721,text_chunked.jsonl,1720
1722,text_chunked.jsonl,1721
1723,text_chunked.jsonl,1722
1724,text_chunked.jsonl,1723
1725,text_chunked.jsonl,1724
1726,text_chunked.jsonl,1725
1727,text_chunked.jsonl,1726
1728,text_chunked.jsonl,1727
1729,text_chunked.jsonl,1728
1730,text_chunked.jsonl,1729
1731,text_chunked.jsonl,1730
1732,text_chunked.jsonl,1731
1733,text_chunked.jsonl,1732
1734,text_chunked.jsonl,1733
1735,text_chunked.jsonl,1734
1736,text_chunked.jsonl,1735
1737,text_chunked.jsonl,1736
1738,text_chunked.jsonl,1737
1739,text_chunked.jsonl,1738
1740,text_chunked.jsonl,1739
1741,text_chunked.jsonl,1740
1742,text_chunked.jsonl,1741
1743,text_chunked.jsonl,1742
1744,text_chunked.jsonl,1743
1745,text_chunked.jsonl,1744
1746,text_chunked.jsonl,1745
1747,text_chunked.jsonl,1746
1748,text_chunked.jsonl,1747
1749,text_chunked.jsonl,1748
1750,text_chunked.jsonl,1749
1751,text_chunked.jsonl,1750
1752,text_chunked.jsonl,1751
1753,text_chunked.jsonl,1752
1754,text_chunked.jsonl,1753
1755,text_chunked.jsonl,1754
1756,text_chunked.jsonl,1755
1757,text_chunked.jsonl,1756
1758,text_chunked.jsonl,1757
1759,text_chunked.jsonl,1758
1760,text_chunked.jsonl,1759
1761,text_chunked.jsonl,1760
1762,text_chunked.jsonl,1761
1763,text_chunked.jsonl,1762
1764,text_chunked.jsonl,1763
1765,text_chunked.jsonl,1764
1766,text_chunked.jsonl,1765
1767,text_chunked.jsonl,1766
1768,text_chunked.jsonl,1767
1769,text_chunked.jsonl,1768
1770,text_chunked.jsonl,1769
1771,text_chunked.jsonl,1770
1772,text_chunked.jsonl,1771
1773,text_chunked.jsonl,1772
1774,text_chunked.jsonl,1773
1775,text_chunked.jsonl,1774
1776,text_chunked.jsonl,1775
1777,text_chunked.jsonl,1776
1778,text_chunked.jsonl,1777
1779,text_chunked.jsonl,1778
1780,text_chunked.jsonl,1779
1781,text_chunked.jsonl,1780
1782,text_chunked.jsonl,1781
1783,text_chunked.jsonl,1782
1784,text_chunked.jsonl,1783
1785,text_chunked.jsonl,1784
1786,text_chunked.jsonl,1785
1787,text_chunked.jsonl,1786
1788,text_chunked.jsonl,1787
1789,text_chunked.jsonl,1788
1790,text_chunked.jsonl,1789
1791,text_chunked.jsonl,1790
1792,text_chunked.jsonl,1791
1793,text_chunked.jsonl,1792
1794,text_chunked.jsonl,1793
1795,text_chunked.jsonl,1794
1796,text_chunked.jsonl,1795
1797,text_chunked.jsonl,1796
1798,text_chunked.jsonl,1797
1799,text_chunked.jsonl,1798
1800,text_chunked.jsonl,1799
1801,text_chunked.jsonl,1800
1802,text_chunked.jsonl,1801
1803,text_chunked.jsonl,1802
1804,text_chunked.jsonl,1803
1805,text_chunked.jsonl,1804
1806,text_chunked.jsonl,1805
1807,text_chunked.jsonl,1806
1808,text_chunked.jsonl,1807
1809,text_chunked.jsonl,1808
1810,text_chunked.jsonl,1809
1811,text_chunked.jsonl,1810
1812,text_chunked.jsonl,1811
1813,text_chunked.jsonl,1812
1814,text_chunked.jsonl,1813
1815,text_chunked.jsonl,1814
1816,text_chunked.jsonl,1815
1817,text_chunked.jsonl,1816
1818,text_chunked.jsonl,1817
1819,text_chunked.jsonl,1818
1820,text_chunked.jsonl,1819
1821,text_chunked.jsonl,1820
1822,text_chunked.jsonl,1821
1823,text_chunked.jsonl,1822
1824,text_chunked.jsonl,1823
1825,text_chunked.jsonl,1824
1826,text_chunked.jsonl,1825
1827,text_chunked.jsonl,1826
1828,text_chunked.jsonl,1827
1829,text_chunked.jsonl,1828
1830,text_chunked.jsonl,1829
1831,text_chunked.jsonl,1830
1832,text_chunked.jsonl,1831
1833,text_chunked.jsonl,1832
1834,text_chunked.jsonl,1833
1835,text_chunked.jsonl,1834
1836,text_chunked.jsonl,1835
1837,text_chunked.jsonl,1836
1838,text_chunked.jsonl,1837
1839,text_chunked.jsonl,1838
1840,text_chunked.jsonl,1839
1841,text_chunked.jsonl,1840
1842,text_chunked.jsonl,1841
1843,text_chunked.jsonl,1842
1844,text_chunked.jsonl,1843
1845,text_chunked.jsonl,1844
1846,text_chunked.jsonl,1845
1847,text_chunked.jsonl,1846
1848,text_chunked.jsonl,1847
1849,text_chunked.jsonl,1848
1850,text_chunked.jsonl,1849
1851,text_chunked.jsonl,1850
1852,text_chunked.jsonl,1851
1853,text_chunked.jsonl,1852
1854,text_chunked.jsonl,1853
1855,text_chunked.jsonl,1854
1856,text_chunked.jsonl,1855
1857,text_chunked.jsonl,1856
1858,text_chunked.jsonl,1857
1859,text_chunked.jsonl,1858
1860,text_chunked.jsonl,1859
1861,text_chunked.jsonl,1860
1862,text_chunked.jsonl,1861
1863,text_chunked.jsonl,1862
1864,text_chunked.jsonl,1863
1865,text_chunked.jsonl,1864
1866,text_chunked.jsonl,1865
1867,text_chunked.jsonl,1866
1868,text_chunked.jsonl,1867
1869,text_chunked.jsonl,1868
1870,text_chunked.jsonl,1869
1871,text_chunked.jsonl,1870
1872,text_chunked.jsonl,1871
1873,text_chunked.jsonl,1872
1874,text_chunked.jsonl,1873
1875,text_chunked.jsonl,1874
1876,text_chunked.jsonl,1875
1877,text_chunked.jsonl,1876
1878,text_chunked.jsonl,1877
1879,text_chunked.jsonl,1878
1880,text_chunked.jsonl,1879
1881,text_chunked.jsonl,1880
1882,text_chunked.jsonl,1881
1883,text_chunked.jsonl,1882
1884,text_chunked.jsonl,1883
1885,text_chunked.jsonl,1884
1886,text_chunked.jsonl,1885
1887,text_chunked.jsonl,1886
1888,text_chunked.jsonl,1887
1889,text_chunked.jsonl,1888
1890,text_chunked.jsonl,1889
1891,text_chunked.jsonl,1890
1892,text_chunked.jsonl,1891
1893,text_chunked.jsonl,1892
1894,text_chunked.jsonl,1893
1895,text_chunked.jsonl,1894
1896,text_chunked.jsonl,1895
1897,text_chunked.jsonl,1896
1898,text_chunked.jsonl,1897
1899,text_chunked.jsonl,1898
1900,text_chunked.jsonl,1899
1901,text_chunked.jsonl,1900
1902,text_chunked.jsonl,1901
1903,text_chunked.jsonl,1902
1904,text_chunked.jsonl,1903
1905,text_chunked.jsonl,1904
1906,text_chunked.jsonl,1905
1907,text_chunked.jsonl,1906
1908,text_chunked.jsonl,1907
1909,text_chunked.jsonl,1908
1910,text_chunked.jsonl,1909
1911,text_chunked.jsonl,1910
1912,text_chunked.jsonl,1911
1913,text_chunked.jsonl,1912
1914,text_chunked.jsonl,1913
1915,text_chunked.jsonl,1914
1916,text_chunked.jsonl,1915
1917,text_chunked.jsonl,1916
1918,text_chunked.jsonl,1917
1919,text_chunked.jsonl,1918
1920,text_chunked.jsonl,1919
1921,text_chunked.jsonl,1920
1922,text_chunked.jsonl,1921
1923,text_chunked.jsonl,1922
1924,text_chunked.jsonl,1923
1925,text_chunked.jsonl,1924
1926,text_chunked.jsonl,1925
1927,text_chunked.jsonl,1926
1928,text_chunked.jsonl,1927
1929,text_chunked.jsonl,1928
1930,text_chunked.jsonl,1929
1931,text_chunked.jsonl,1930
1932,text_chunked.jsonl,1931
1933,text_chunked.jsonl,1932
1934,text_chunked.jsonl,1933
1935,text_chunked.jsonl,1934
1936,text_chunked.jsonl,1935
1937,text_chunked.jsonl,1936
1938,text_chunked.jsonl,1937
1939,text_chunked.jsonl,1938
1940,text_chunked.jsonl,1939
1941,text_chunked.jsonl,1940
1942,text_chunked.jsonl,1941
1943,text_chunked.jsonl,1942
1944,text_chunked.jsonl,1943
1945,text_chunked.jsonl,1944
1946,text_chunked.jsonl,1945
1947,text_chunked.jsonl,1946
1948,text_chunked.jsonl,1947
1949,text_chunked.jsonl,1948
1950,text_chunked.jsonl,1949
1951,text_chunked.jsonl,1950
1952,text_chunked.jsonl,1951
1953,text_chunked.jsonl,1952
1954,text_chunked.jsonl,1953
1955,text_chunked.jsonl,1954
1956,text_chunked.jsonl,1955
1957,text_chunked.jsonl,1956
1958,text_chunked.jsonl,1957
1959,text_chunked.jsonl,1958
1960,text_chunked.jsonl,1959
1961,text_chunked.jsonl,1960
1962,text_chunked.jsonl,1961
1963,text_chunked.jsonl,1962
1964,text_chunked.jsonl,1963
1965,text_chunked.jsonl,1964
1966,text_chunked.jsonl,1965
1967,text_chunked.jsonl,1966
1968,text_chunked.jsonl,1967
1969,text_chunked.jsonl,1968
1970,text_chunked.jsonl,1969
1971,text_chunked.jsonl,1970
1972,text_chunked.jsonl,1971
1973,text_chunked.jsonl,1972
1974,text_chunked.jsonl,1973
1975,text_chunked.jsonl,1974
1976,text_chunked.jsonl,1975
1977,text_chunked.jsonl,1976
1978,text_chunked.jsonl,1977
1979,text_chunked.jsonl,1978
1980,text_chunked.jsonl,1979
1981,text_chunked.jsonl,1980
1982,text_chunked.jsonl,1981
1983,text_chunked.jsonl,1982
1984,text_chunked.jsonl,1983
1985,text_chunked.jsonl,1984
1986,text_chunked.jsonl,1985
1987,text_chunked.jsonl,1986
1988,text_chunked.jsonl,1987
1989,text_chunked.jsonl,1988
1990,text_chunked.jsonl,1989
1991,text_chunked.jsonl,1990
1992,text_chunked.jsonl,1991
1993,text_chunked.jsonl,1992
1994,text_chunked.jsonl,1993
1995,text_chunked.jsonl,1994
1996,text_chunked.jsonl,1995
1997,text_chunked.jsonl,1996
1998,text_chunked.jsonl,1997
1999,text_chunked.jsonl,1998
2000,text_chunked.jsonl,1999
2001,text_chunked.jsonl,2000
2002,text_chunked.jsonl,2001
2003,text_chunked.jsonl,2002
2004,text_chunked.jsonl,2003
2005,text_chunked.jsonl,2004
2006,text_chunked.jsonl,2005
2007,text_chunked.jsonl,2006
2008,text_chunked.jsonl,2007
2009,text_chunked.jsonl,2008
2010,text_chunked.jsonl,2009
2011,text_chunked.jsonl,2010
2012,text_chunked.jsonl,2011
2013,text_chunked.jsonl,2012
2014,text_chunked.jsonl,2013
2015,text_chunked.jsonl,2014
2016,text_chunked.jsonl,2015
2017,text_chunked.jsonl,2016
2018,text_chunked.jsonl,2017
2019,text_chunked.jsonl,2018
2020,text_chunked.jsonl,2019
2021,text_chunked.jsonl,2020
2022,text_chunked.jsonl,2021
2023,text_chunked.jsonl,2022
2024,text_chunked.jsonl,2023
2025,text_chunked.jsonl,2024
2026,text_chunked.jsonl,2025
2027,text_chunked.jsonl,2026
2028,text_chunked.jsonl,2027
2029,text_chunked.jsonl,2028
2030,text_chunked.jsonl,2029
2031,text_chunked.jsonl,2030
2032,text_chunked.jsonl,2031
2033,text_chunked.jsonl,2032
2034,text_chunked.jsonl,2033
2035,text_chunked.jsonl,2034
2036,text_chunked.jsonl,2035
2037,text_chunked.jsonl,2036
2038,text_chunked.jsonl,2037
2039,text_chunked.jsonl,2038
2040,text_chunked.jsonl,2039
2041,text_chunked.jsonl,2040
2042,text_chunked.jsonl,2041
2043,text_chunked.jsonl,2042
2044,text_chunked.jsonl,2043
2045,text_chunked.jsonl,2044
2046,text_chunked.jsonl,2045
2047,text_chunked.jsonl,2046
2048,text_chunked.jsonl,2047
2049,text_chunked.jsonl,2048
2050,text_chunked.jsonl,2049
2051,text_chunked.jsonl,2050
2052,text_chunked.jsonl,2051
2053,text_chunked.jsonl,2052
2054,text_chunked.jsonl,2053
2055,text_chunked.jsonl,2054
2056,text_chunked.jsonl,2055
2057,text_chunked.jsonl,2056
2058,text_chunked.jsonl,2057
2059,text_chunked.jsonl,2058
2060,text_chunked.jsonl,2059
2061,text_chunked.jsonl,2060
2062,text_chunked.jsonl,2061
2063,text_chunked.jsonl,2062
2064,text_chunked.jsonl,2063
2065,text_chunked.jsonl,2064
2066,text_chunked.jsonl,2065
2067,text_chunked.jsonl,2066
2068,text_chunked.jsonl,2067
2069,text_chunked.jsonl,2068
2070,text_chunked.jsonl,2069
2071,text_chunked.jsonl,2070
2072,text_chunked.jsonl,2071
2073,text_chunked.jsonl,2072
2074,text_chunked.jsonl,2073
2075,text_chunked.jsonl,2074
2076,text_chunked.jsonl,2075
2077,text_chunked.jsonl,2076
2078,text_chunked.jsonl,2077
2079,text_chunked.jsonl,2078
2080,text_chunked.jsonl,2079
2081,text_chunked.jsonl,2080
2082,text_chunked.jsonl,2081
2083,text_chunked.jsonl,2082
2084,text_chunked.jsonl,2083
2085,text_chunked.jsonl,2084
2086,text_chunked.jsonl,2085
2087,text_chunked.jsonl,2086
2088,text_chunked.jsonl,2087
2089,text_chunked.jsonl,2088
2090,text_chunked.jsonl,2089
2091,text_chunked.jsonl,2090
2092,text_chunked.jsonl,2091
2093,text_chunked.jsonl,2092
2094,text_chunked.jsonl,2093
2095,text_chunked.jsonl,2094
2096,text_chunked.jsonl,2095
2097,text_chunked.jsonl,2096
2098,text_chunked.jsonl,2097
2099,text_chunked.jsonl,2098
2100,text_chunked.jsonl,2099
2101,text_chunked.jsonl,2100
2102,text_chunked.jsonl,2101
2103,text_chunked.jsonl,2102
2104,text_chunked.jsonl,2103
2105,text_chunked.jsonl,2104
2106,text_chunked.jsonl,2105
2107,text_chunked.jsonl,2106
2108,text_chunked.jsonl,2107
2109,text_chunked.jsonl,2108
2110,text_chunked.jsonl,2109
2111,text_chunked.jsonl,2110
2112,text_chunked.jsonl,2111
2113,text_chunked.jsonl,2112
2114,text_chunked.jsonl,2113
2115,text_chunked.jsonl,2114
2116,text_chunked.jsonl,2115
2117,text_chunked.jsonl,2116
2118,text_chunked.jsonl,2117
2119,text_chunked.jsonl,2118
2120,text_chunked.jsonl,2119
2121,text_chunked.jsonl,2120
2122,text_chunked.jsonl,2121
2123,text_chunked.jsonl,2122
2124,text_chunked.jsonl,2123
2125,text_chunked.jsonl,2124
2126,text_chunked.jsonl,2125
2127,text_chunked.jsonl,2126
2128,text_chunked.jsonl,2127
2129,text_chunked.jsonl,2128
2130,text_chunked.jsonl,2129
2131,text_chunked.jsonl,2130
2132,text_chunked.jsonl,2131
2133,text_chunked.jsonl,2132
2134,text_chunked.jsonl,2133
2135,text_chunked.jsonl,2134
2136,text_chunked.jsonl,2135
2137,text_chunked.jsonl,2136
2138,text_chunked.jsonl,2137
2139,text_chunked.jsonl,2138
2140,text_chunked.jsonl,2139
2141,text_chunked.jsonl,2140
2142,text_chunked.jsonl,2141
2143,text_chunked.jsonl,2142
2144,text_chunked.jsonl,2143
2145,text_chunked.jsonl,2144
2146,text_chunked.jsonl,2145
2147,text_chunked.jsonl,2146
2148,text_chunked.jsonl,2147
2149,text_chunked.jsonl,2148
2150,text_chunked.jsonl,2149
2151,text_chunked.jsonl,2150
2152,text_chunked.jsonl,2151
2153,text_chunked.jsonl,2152
2154,text_chunked.jsonl,2153
2155,text_chunked.jsonl,2154
2156,text_chunked.jsonl,2155
2157,text_chunked.jsonl,2156
2158,text_chunked.jsonl,2157
2159,text_chunked.jsonl,2158
2160,text_chunked.jsonl,2159
2161,text_chunked.jsonl,2160
2162,text_chunked.jsonl,2161
2163,text_chunked.jsonl,2162
2164,text_chunked.jsonl,2163
2165,text_chunked.jsonl,2164
2166,text_chunked.jsonl,2165
2167,text_chunked.jsonl,2166
2168,text_chunked.jsonl,2167
2169,text_chunked.jsonl,2168
2170,text_chunked.jsonl,2169
2171,text_chunked.jsonl,2170
2172,text_chunked.jsonl,2171
2173,text_chunked.jsonl,2172
2174,text_chunked.jsonl,2173
2175,text_chunked.jsonl,2174
2176,text_chunked.jsonl,2175
2177,text_chunked.jsonl,2176
2178,text_chunked.jsonl,2177
2179,text_chunked.jsonl,2178
2180,text_chunked.jsonl,2179
2181,text_chunked.jsonl,2180
2182,text_chunked.jsonl,2181
2183,text_chunked.jsonl,2182
2184,text_chunked.jsonl,2183
2185,text_chunked.jsonl,2184
2186,text_chunked.jsonl,2185
2187,text_chunked.jsonl,2186
2188,text_chunked.jsonl,2187
2189,text_chunked.jsonl,2188
2190,text_chunked.jsonl,2189
2191,text_chunked.jsonl,2190
2192,text_chunked.jsonl,2191
2193,text_chunked.jsonl,2192
2194,text_chunked.jsonl,2193
2195,text_chunked.jsonl,2194
2196,text_chunked.jsonl,2195
2197,text_chunked.jsonl,2196
2198,text_chunked.jsonl,2197
2199,text_chunked.jsonl,2198
2200,text_chunked.jsonl,2199
2201,text_chunked.jsonl,2200
2202,text_chunked.jsonl,2201
2203,text_chunked.jsonl,2202
2204,text_chunked.jsonl,2203
2205,text_chunked.jsonl,2204
2206,text_chunked.jsonl,2205
2207,text_chunked.jsonl,2206
2208,text_chunked.jsonl,2207
2209,text_chunked.jsonl,2208
2210,text_chunked.jsonl,2209
2211,text_chunked.jsonl,2210
2212,text_chunked.jsonl,2211
2213,text_chunked.jsonl,2212
2214,text_chunked.jsonl,2213
2215,text_chunked.jsonl,2214
2216,text_chunked.jsonl,2215
2217,text_chunked.jsonl,2216
2218,text_chunked.jsonl,2217
2219,text_chunked.jsonl,2218
2220,text_chunked.jsonl,2219
2221,text_chunked.jsonl,2220
2222,text_chunked.jsonl,2221
2223,text_chunked.jsonl,2222
2224,text_chunked.jsonl,2223
2225,text_chunked.jsonl,2224
2226,text_chunked.jsonl,2225
2227,text_chunked.jsonl,2226
2228,text_chunked.jsonl,2227
2229,text_chunked.jsonl,2228
2230,text_chunked.jsonl,2229
2231,text_chunked.jsonl,2230
2232,text_chunked.jsonl,2231
2233,text_chunked.jsonl,2232
2234,text_chunked.jsonl,2233
2235,text_chunked.jsonl,2234
2236,text_chunked.jsonl,2235
2237,text_chunked.jsonl,2236
2238,text_chunked.jsonl,2237
2239,text_chunked.jsonl,2238
2240,text_chunked.jsonl,2239
2241,text_chunked.jsonl,2240
2242,text_chunked.jsonl,2241
2243,text_chunked.jsonl,2242
2244,text_chunked.jsonl,2243
2245,text_chunked.jsonl,2244
2246,text_chunked.jsonl,2245
2247,text_chunked.jsonl,2246
2248,text_chunked.jsonl,2247
2249,text_chunked.jsonl,2248
2250,text_chunked.jsonl,2249
2251,text_chunked.jsonl,2250
2252,text_chunked.jsonl,2251
2253,text_chunked.jsonl,2252
2254,text_chunked.jsonl,2253
2255,text_chunked.jsonl,2254
2256,text_chunked.jsonl,2255
2257,text_chunked.jsonl,2256
2258,text_chunked.jsonl,2257
2259,text_chunked.jsonl,2258
2260,text_chunked.jsonl,2259
2261,text_chunked.jsonl,2260
2262,text_chunked.jsonl,2261
2263,text_chunked.jsonl,2262
2264,text_chunked.jsonl,2263
2265,text_chunked.jsonl,2264
2266,text_chunked.jsonl,2265
2267,text_chunked.jsonl,2266
2268,text_chunked.jsonl,2267
2269,text_chunked.jsonl,2268
2270,text_chunked.jsonl,2269
2271,text_chunked.jsonl,2270
2272,text_chunked.jsonl,2271
2273,text_chunked.jsonl,2272
2274,text_chunked.jsonl,2273
2275,text_chunked.jsonl,2274
2276,text_chunked.jsonl,2275
2277,text_chunked.jsonl,2276
2278,text_chunked.jsonl,2277
2279,text_chunked.jsonl,2278
2280,text_chunked.jsonl,2279
2281,text_chunked.jsonl,2280
2282,text_chunked.jsonl,2281
2283,text_chunked.jsonl,2282
2284,text_chunked.jsonl,2283
2285,text_chunked.jsonl,2284
2286,text_chunked.jsonl,2285
2287,text_chunked.jsonl,2286
2288,text_chunked.jsonl,2287
2289,text_chunked.jsonl,2288
2290,text_chunked.jsonl,2289
2291,text_chunked.jsonl,2290
2292,text_chunked.jsonl,2291
2293,text_chunked.jsonl,2292
2294,text_chunked.jsonl,2293
2295,text_chunked.jsonl,2294
2296,text_chunked.jsonl,2295
2297,text_chunked.jsonl,2296
2298,text_chunked.jsonl,2297
2299,text_chunked.jsonl,2298
2300,text_chunked.jsonl,2299
2301,text_chunked.jsonl,2300
2302,text_chunked.jsonl,2301
2303,text_chunked.jsonl,2302
2304,text_chunked.jsonl,2303
2305,text_chunked.jsonl,2304
2306,text_chunked.jsonl,2305
2307,text_chunked.jsonl,2306
2308,text_chunked.jsonl,2307
2309,text_chunked.jsonl,2308
2310,text_chunked.jsonl,2309
2311,text_chunked.jsonl,2310
2312,text_chunked.jsonl,2311
2313,text_chunked.jsonl,2312
2314,text_chunked.jsonl,2313
2315,text_chunked.jsonl,2314
2316,text_chunked.jsonl,2315
2317,text_chunked.jsonl,2316
2318,text_chunked.jsonl,2317
2319,text_chunked.jsonl,2318
2320,text_chunked.jsonl,2319
2321,text_chunked.jsonl,2320
2322,text_chunked.jsonl,2321
2323,text_chunked.jsonl,2322
2324,text_chunked.jsonl,2323
2325,text_chunked.jsonl,2324
2326,text_chunked.jsonl,2325
2327,text_chunked.jsonl,2326
2328,text_chunked.jsonl,2327
2329,text_chunked.jsonl,2328
2330,text_chunked.jsonl,2329
2331,text_chunked.jsonl,2330
2332,text_chunked.jsonl,2331
2333,text_chunked.jsonl,2332
2334,text_chunked.jsonl,2333
2335,text_chunked.jsonl,2334
2336,text_chunked.jsonl,2335
2337,text_chunked.jsonl,2336
2338,text_chunked.jsonl,2337
2339,text_chunked.jsonl,2338
2340,text_chunked.jsonl,2339
2341,text_chunked.jsonl,2340
2342,text_chunked.jsonl,2341
2343,text_chunked.jsonl,2342
2344,text_chunked.jsonl,2343
2345,text_chunked.jsonl,2344
2346,text_chunked.jsonl,2345
2347,text_chunked.jsonl,2346
2348,text_chunked.jsonl,2347
2349,text_chunked.jsonl,2348
2350,text_chunked.jsonl,2349
2351,text_chunked.jsonl,2350
2352,text_chunked.jsonl,2351
2353,text_chunked.jsonl,2352
2354,text_chunked.jsonl,2353
2355,text_chunked.jsonl,2354
2356,text_chunked.jsonl,2355
2357,text_chunked.jsonl,2356
2358,text_chunked.jsonl,2357
2359,text_chunked.jsonl,2358
2360,text_chunked.jsonl,2359
2361,text_chunked.jsonl,2360
2362,text_chunked.jsonl,2361
2363,text_chunked.jsonl,2362
2364,text_chunked.jsonl,2363
2365,text_chunked.jsonl,2364
2366,text_chunked.jsonl,2365
2367,text_chunked.jsonl,2366
2368,text_chunked.jsonl,2367
2369,text_chunked.jsonl,2368
2370,text_chunked.jsonl,2369
2371,text_chunked.jsonl,2370
2372,text_chunked.jsonl,2371
2373,text_chunked.jsonl,2372
2374,text_chunked.jsonl,2373
2375,text_chunked.jsonl,2374
2376,text_chunked.jsonl,2375
2377,text_chunked.jsonl,2376
2378,text_chunked.jsonl,2377
2379,text_chunked.jsonl,2378
2380,text_chunked.jsonl,2379
2381,text_chunked.jsonl,2380
2382,text_chunked.jsonl,2381
2383,text_chunked.jsonl,2382
2384,text_chunked.jsonl,2383
